{
    "player_dude": {
        "prefab": "Player"
    },
    "npc_home": {
        "prefab": "NPCHome",
        "npcPool": [
            "protester_enemy_npc",
            "protester_npc"
        ]
    },
    "protester_npc": {
        "prefab": "ProtesterNPC",
        "dropItemChance": 0.05,
        "score": 100,
        "itemPool": [
            "item_pizza",
            "item_burger",
            "item_donut"
        ]
    },
    "protester_enemy_npc": {
        "prefab": "ProtesterEnemyNPC",
        "dropItemChance": 0.10,
        "score": 250,
        "weaponPool": [
            "weapon_boomstick",
            "weapon_pistol",
            "weapon_shovel",
            "weapon_protester_sign"
        ],
        "itemPool": [
            "item_pizza",
            "item_burger",
            "item_donut"
        ]
    },
    "weapon_pickup": {
        "prefab": "WeaponPickup",
        "weaponPool": [
            "weapon_boomstick",
            "weapon_jk74",
            "weapon_revolver",
            "weapon_pistol",
            "weapon_shovel"
        ]
    },
    "item_pickup": {
        "prefab": "ItemPickup",
        "itemPool": [
            "item_pizza",
            "item_burger",
            "item_donut"
        ]
    },
    "weapon_boomstick": {
        "prefab": "Boomstick"
    },
    "weapon_jk74": {
        "prefab": "JK-74"
    },
    "weapon_shovel": {
        "prefab": "Shovel"
    },
    "weapon_protester_sign": {
        "prefab": "ProtesterSign"
    },
    "weapon_revolver": {
        "prefab": "Revolver"
    },
    "weapon_pistol": {
        "prefab": "Pistol"
    }
}