{
    "player_hud": {
        "weaponSlots": {
            "maxSlots": 3,
            "activeColor": "#ffffff",
            "inactiveColor": "#b4b4b4",
            "unavailableColor": "#5d5d5d"
        }
    },
    "pause_ui": {
        "options": {
            "activeColor": "#ffffff",
            "inactiveColor": "#c7cfdd",
            "hoverOffset": 3
        }
    },
    "credits_ui": {
        "flashInterval": 1,
        "staggerInterval": 0.25
    },
    "stats_ui": {
        "flashInterval": 1
    },
    "main_menu_ui": {
        "options": {
            "activeColor": "#ffffff",
            "inactiveColor": "#c7cfdd",
            "hoverOffset": 3
        }
    },
    "options_ui": {
        "options": {
            "activeColor": "#ffffff",
            "inactiveColor": "#c7cfdd"
        }
    },
    "gameover_ui": {
        "options": {
            "activeColor": "#ffffff",
            "inactiveColor": "#c7cfdd",
            "hoverOffset": 3
        }
    },
    "level_clear_ui": {
        "options": {
            "activeColor": "#ffffff",
            "inactiveColor": "#c7cfdd",
            "hoverOffset": 3
        }
    }
}