{
    "player_dude": {
        "prefab": "Player"
    },
    "player_home": {
        "prefab": "PlayerHome"
    },
    "npc_home_01": {
        "prefab": "NPCHome01",
        "npcPool": [
            "protester_enemy_npc",
            "civilian_npc",
            "civilian_enemy_npc"
        ]
    },
    "npc_home_02": {
        "prefab": "NPCHome02",
        "npcPool": [
            "protester_enemy_npc",
            "civilian_npc",
            "civilian_enemy_npc"
        ]
    },
    "npc_home_03": {
        "prefab": "NPCHome03",
        "npcPool": [
            "protester_enemy_npc",
            "civilian_npc",
            "civilian_enemy_npc"
        ]
    },
    "protester_npc": {
        "prefab": "ProtesterNPC",
        "dropItemChance": 0.10,
        "score": 50,
        "itemPool": [
            "item_pizza",
            "item_burger"
        ]
    },
    "civilian_npc": {
        "prefab": "CivilianNPC",
        "dropItemChance": 0.10,
        "score": 50,
        "itemPool": [
            "item_pizza",
            "item_burger"
        ]
    },
    "civilian_enemy_npc": {
        "prefab": "CivilianEnemyNPC",
        "dropItemChance": 0.05,
        "score": 100,
        "weaponPool": [
            "weapon_pistol",
            "weapon_boomstick",
            "weapon_shovel",
            "weapon_jk74",
            "weapon_baseball_bat",
            "weapon_axe"
        ],
        "itemPool": [
            "item_pizza",
            "item_burger"
        ]
    },
    "protester_enemy_npc": {
        "prefab": "ProtesterEnemyNPC",
        "dropItemChance": 0.05,
        "score": 250,
        "weaponPool": [
            "weapon_boomstick",
            "weapon_pistol",
            "weapon_shovel",
            "weapon_protester_sign"
        ],
        "itemPool": [
            "item_pizza",
            "item_burger"
        ]
    },
    "police_enemy_npc": {
        "prefab": "PoliceEnemyNPC",
        "dropItemChance": 0.0,
        "score": 450,
        "weaponPool": [
            "weapon_boomstick",
            "weapon_pistol",
            "weapon_revolver"
        ]
    },
    "weapon_pickup": {
        "prefab": "WeaponPickup",
        "weaponPool": [
            "weapon_boomstick",
            "weapon_jk74",
            "weapon_revolver",
            "weapon_pistol",
            "weapon_shovel",
            "weapon_axe",
            "weapon_baseball_bat"
        ]
    },
    "item_pickup": {
        "prefab": "ItemPickup",
        "itemPool": [
            "item_pizza",
            "item_burger"
        ]
    },
    "weapon_boomstick": {
        "prefab": "Boomstick"
    },
    "weapon_jk74": {
        "prefab": "JK-74"
    },
    "weapon_baseball_bat": {
        "prefab": "BaseballBat"
    },
    "weapon_shovel": {
        "prefab": "Shovel"
    },
    "weapon_axe": {
        "prefab": "Axe"
    },
    "weapon_protester_sign": {
        "prefab": "ProtesterSign"
    },
    "weapon_revolver": {
        "prefab": "Revolver"
    },
    "weapon_pistol": {
        "prefab": "Pistol"
    }
}