{
  "player_housing": {
    "structureBounds": {
      "center": {
        "x": 0.0,
        "y": 0.0
      },
      "boundsX": 10.0,
      "boundsY": 10.0
    },
    "entities": [
      {
        "player_home": {
          "position": {
            "x": 0.0,
            "y": 0.0
          },
          "generateChance": 1.0
        }
      }
    ],
    "level_objects": [
      {
        "level_pine_tree": {
          "position": {
            "x": -4.0,
            "y": -4.0
          },
          "generateChance": 0.5
        }
      },
      {
        "level_cactus": {
          "position": {
            "x": 5.0,
            "y": -5.0
          },
          "generateChance": 0.75
        }
      },
      {
        "level_grass": {
          "position": {
            "x": 5.0,
            "y": 0.0
          },
          "generateChance": 0.5
        }
      },
      {
        "level_grass": {
          "position": {
            "x": -4.0,
            "y": 4.0
          },
          "generateChance": 0.5
        }
      }
    ]
  },
  "npc_housing_01": {
    "structureBounds": {
      "center": {
        "x": 1.0,
        "y": 1.0
      },
      "boundsX": 10.0,
      "boundsY": 10.0
    },
    "entities": [
      {
        "npc_home_01": {
          "generateChance": 1.0,
          "position": {
            "x": 0.0,
            "y": 0.0
          }
        }
      }
    ],
    "level_objects": [
      {
        "level_cactus": {
          "generateChance": 0.25,
          "position": {
            "x": 5.0,
            "y": -3.0
          }
        }
      },
      {
        "level_pine_tree": {
          "position": {
            "x": -4.0,
            "y": -3.0
          },
          "generateChance": 0.5
        }
      },
      {
        "level_grass": {
          "position": {
            "x": 4.0,
            "y": 1.0
          },
          "generateChance": 0.5
        }
      },
      {
        "level_grass": {
          "position": {
            "x": -4.0,
            "y": 0.0
          },
          "generateChance": 0.5
        }
      }
    ]
  },
  "npc_housing_02": {
    "structureBounds": {
      "center": {
        "x": 1.0,
        "y": 1.0
      },
      "boundsX": 10.0,
      "boundsY": 10.0
    },
    "entities": [
      {
        "npc_home_02": {
          "position": {
            "x": 0.0,
            "y": 0.0
          },
          "generateChance": 1.0
        }
      }
    ],
    "level_objects": [
      {
        "level_cactus": {
          "position": {
            "x": 5.0,
            "y": -3.0
          },
          "generateChance": 0.25
        }
      },
      {
        "level_pine_tree": {
          "position": {
            "x": -4.0,
            "y": -3.0
          },
          "generateChance": 0.5
        }
      },
      {
        "level_grass": {
          "position": {
            "x": 4.0,
            "y": 1.0
          },
          "generateChance": 0.5
        }
      },
      {
        "level_grass": {
          "position": {
            "x": -4.0,
            "y": 0.0
          },
          "generateChance": 0.5
        }
      }
    ]
  },
  "npc_housing_03": {
    "structureBounds": {
      "center": {
        "x": 1.0,
        "y": 1.0
      },
      "boundsX": 13.0,
      "boundsY": 10.0
    },
    "entities": [
      {
        "npc_home_03": {
          "position": {
            "x": 0.0,
            "y": 0.0
          },
          "generateChance": 1.0
        }
      }
    ],
    "level_objects": [
      {
        "level_cactus": {
          "position": {
            "x": -5.0,
            "y": -3.0
          },
          "generateChance": 0.25
        }
      },
      {
        "level_pine_tree": {
          "position": {
            "x": 4.0,
            "y": -3.0
          },
          "generateChance": 0.5
        }
      },
      {
        "level_grass": {
          "position": {
            "x": 5.0,
            "y": 1.0
          },
          "generateChance": 0.5
        }
      }
    ]
  }
}